function,optimiser,converged,iterations,final_value,runtime_ms,config
beale,cSGD_offdiag_theta_0,True,66,7.91229718441375e-08,54.43835258483887,"{'learning_rate': 0.007427239756051306, 'momentum': 0.7613318945705069, 'xi': 0.0002928721607781526, 'gamma': 0.10283080641257639, 'weight_decay': 0.002770418926948941, 'base_mode': 'momentum', 'use_momentum_for_update': False}"
beale,cSGD_offdiag_m_l,True,104,9.261981183910379e-08,182.29198455810547,"{'learning_rate': 0.01042409487077454, 'momentum': 0.7497602855313923, 'xi': 0.00014013979115097953, 'gamma': 0.05304239494903985, 'weight_decay': 0.0005061519325168229, 'base_mode': 'momentum', 'use_momentum_for_update': False}"
beale,cSGD_offdiag_m_0,True,103,9.038814297949725e-08,81.77852630615234,"{'learning_rate': 0.007394909232965203, 'momentum': 0.7344839768625935, 'xi': 0.0005057634212059582, 'gamma': 0.04102787916021328, 'weight_decay': 0.0003017387508904168, 'base_mode': 'momentum', 'use_momentum_for_update': False}"
beale,cSGD_fixed_log,True,355,9.907542003734965e-08,68.39704513549805,"{'learning_rate': 0.008490639132761166, 'momentum': 0.7632575081550154, 'xi': 0.09444574254983562, 'beta': 0.0}"
beale,cSGD_learn_scalar,True,78,2.990998037391134e-08,47.76716232299805,"{'learning_rate': 0.04670582232623112, 'momentum': 0.8481563359543118, 'xi': 0.0021918847928773734, 'beta': 0.6847922019974078, 'metric_lr': 1.1626860947013963e-05, 'metric_reg': 5.12730264629956e-06, 'metric_clip': 3.521970284809608}"
beale,cSGD_offdiag_m_m,True,175,9.942322623505317e-08,114.91513252258301,"{'learning_rate': 0.0013969983860067413, 'momentum': 0.6318179428441176, 'xi': 0.0001358966656056737, 'gamma': 0.012899800779446182, 'weight_decay': 0.002934777871115788, 'base_mode': 'momentum', 'use_momentum_for_update': False}"
beale,cSGD_learn_diag,True,38,9.131436887773565e-08,56.2586784362793,"{'learning_rate': 0.20690245441094252, 'momentum': 0.5473381513415094, 'xi': 0.010191256074094499, 'beta': 0.5543368463896439, 'metric_lr': 0.3117425832793734, 'metric_reg': 0.0037210376413736217, 'metric_clip': 1.4427823827827662}"
beale,cSGD_learn_scalar_log,True,456,9.961374456159904e-08,67.73638725280762,"{'learning_rate': 0.4893245110389268, 'momentum': 0.9377760916100201, 'xi': 8.790311296857814, 'beta': 0.8691553107768814, 'metric_lr': 0.000760848042583464, 'metric_reg': 2.1577586525539933e-06, 'metric_clip': 4.108587663709747}"
beale,cSGD_offdiag_l_l,True,198,9.652124517526003e-08,143.33629608154297,"{'learning_rate': 0.011962309087279629, 'momentum': 0.6714367905079056, 'xi': 0.00038227147744459975, 'gamma': 0.11236430752992436, 'weight_decay': 0.0003193841413217258, 'base_mode': 'grad', 'use_momentum_for_update': True}"
beale,Muon,True,47,5.029099185131138e-09,39.904117584228516,"{'learning_rate': 0.6166679372812556, 'adam_b1': 0.8089560093484434, 'adam_b2': 0.9831068010722793, 'eps': 1.5538176314007215e-09, 'beta': 0.9739498773775396}"
beale,cSGD_offdiag_theta_l,True,177,9.680430696682513e-08,291.8562889099121,"{'learning_rate': 0.00932336539998446, 'momentum': 0.6028563496326065, 'xi': 0.00047527103632401794, 'gamma': 0.0738950487048861, 'weight_decay': 0.0005727326426483392, 'base_mode': 'grad', 'use_momentum_for_update': True}"
beale,cSGD_offdiag_0_theta,True,86,7.882853596676248e-08,125.07152557373047,"{'learning_rate': 0.00916211252528556, 'momentum': 0.6452000374203105, 'xi': 0.0010108707954391157, 'gamma': 0.061755036710263216, 'weight_decay': 0.005306368903445356, 'base_mode': 'momentum', 'use_momentum_for_update': True}"
beale,cSGD_offdiag_l_m,True,502,9.954788544609809e-08,350.1403331756592,"{'learning_rate': 0.0006706923834844864, 'momentum': 0.5776028716198542, 'xi': 0.003049034725494932, 'gamma': 0.009205854556284088, 'weight_decay': 0.005390345150240017, 'base_mode': 'momentum', 'use_momentum_for_update': False}"
beale,SGD,True,64,7.904044817754559e-08,4.858255386352539,"{'learning_rate': 0.0497841233158685, 'momentum': 0.6900539243442565}"
beale,cSGD_offdiag_theta_theta,True,94,8.629718745394006e-09,66.65349006652832,"{'learning_rate': 0.3242431937040976, 'momentum': 0.745878645081946, 'xi': 0.10646120398249516, 'gamma': 3.738506839036206, 'weight_decay': 0.0007194024487954154, 'base_mode': 'momentum', 'use_momentum_for_update': True}"
beale,cSGD_offdiag_l_theta,True,149,9.889511054044677e-08,103.5313606262207,"{'learning_rate': 0.002040886968855943, 'momentum': 0.6598227561459781, 'xi': 0.00019354137568223433, 'gamma': 0.015456245057459473, 'weight_decay': 0.0013938059037781137, 'base_mode': 'momentum', 'use_momentum_for_update': False}"
beale,cSGD_offdiag_l_0,True,213,9.681576789694732e-08,159.14273262023926,"{'learning_rate': 0.00031862100141849764, 'momentum': 0.5766192048816885, 'xi': 0.00010937006743336272, 'gamma': 0.0034808280700718572, 'weight_decay': 0.0004900411139616423, 'base_mode': 'grad', 'use_momentum_for_update': True}"
beale,cSGD_offdiag_0_l,True,148,9.153707021588586e-08,3543.0591106414795,"{'learning_rate': 0.009774995188065181, 'momentum': 0.8051122242827956, 'xi': 0.014696627844926194, 'gamma': 0.07018492695304213, 'weight_decay': 0.004221811946404597, 'base_mode': 'momentum', 'use_momentum_for_update': True}"
beale,cSGD_fixed,True,107,9.462145450077393e-08,52.53458023071289,"{'learning_rate': 0.1106891202192119, 'momentum': 0.7581056878370646, 'xi': 0.002322372240609148, 'beta': 0.0}"
beale,Adam,True,96,3.222830305396237e-08,289.1573905944824,"{'learning_rate': 1.0705081414399595, 'b1': 0.8380491953033753, 'b2': 0.9836934140745469, 'eps': 1.0208550480923064e-09}"
beale,cSGD_offdiag_0_m,True,260,9.809417082395745e-08,239.59851264953613,"{'learning_rate': 0.00042984765346472007, 'momentum': 0.46522673356466904, 'xi': 0.00030105663306349243, 'gamma': 0.00479788679946189, 'weight_decay': 0.008265478068941992, 'base_mode': 'momentum', 'use_momentum_for_update': True}"
beale,cSGD_fixed_rms,True,110,6.904690366349176e-08,63.21144104003906,"{'learning_rate': 9.526503244121074, 'momentum': 0.42130031891975034, 'xi': 0.024712834391032477, 'beta': 0.0, 'beta_rms': 0.9419709486784213, 'eps': 2.8549442106478226e-09}"
beale,cSGD_learn_diag_log,True,138,9.922474123409883e-08,47.09768295288086,"{'learning_rate': 0.1463114845386417, 'momentum': 0.5488105119862867, 'xi': 0.27982272717049295, 'beta': 0.7056040305896171, 'metric_lr': 0.00017324270154949107, 'metric_reg': 2.6539376439360543e-05, 'metric_clip': 4.031384441857476}"
beale,cSGD_offdiag_m_theta,True,143,7.009107091045756e-08,110.85104942321777,"{'learning_rate': 0.025985463579381238, 'momentum': 0.8472308801999697, 'xi': 0.02769746101872912, 'gamma': 0.08509171635207807, 'weight_decay': 0.00033805014255510856, 'base_mode': 'momentum', 'use_momentum_for_update': False}"
beale,cSGD_offdiag_theta_m,True,97,9.947904493037312e-08,68.0854320526123,"{'learning_rate': 0.0007099471073192483, 'momentum': 0.6911728161039525, 'xi': 0.00014096549651733745, 'gamma': 0.006094723888452004, 'weight_decay': 0.005289909840168951, 'base_mode': 'momentum', 'use_momentum_for_update': False}"
rosenbrock,cSGD_offdiag_theta_0,True,261,9.904103695447733e-08,187.11543083190918,"{'learning_rate': 0.0010659545720248032, 'momentum': 0.9125634635419739, 'xi': 0.0020838087826827605, 'gamma': 0.025007243847341685, 'weight_decay': 0.002029286815577298, 'base_mode': 'momentum', 'use_momentum_for_update': False}"
rosenbrock,cSGD_offdiag_m_l,True,148,5.3283149789735945e-08,97.95665740966797,"{'learning_rate': 0.0031239223290794047, 'momentum': 0.9563820293827896, 'xi': 0.05345497384672475, 'gamma': 0.09039767101297082, 'weight_decay': 0.006072060903617945, 'base_mode': 'momentum', 'use_momentum_for_update': False}"
rosenbrock,cSGD_offdiag_m_0,True,148,1.2583614085645602e-08,105.73744773864746,"{'learning_rate': 0.02192609733620394, 'momentum': 0.9516702800608463, 'xi': 0.41797380972103265, 'gamma': 0.6174985842418199, 'weight_decay': 0.005136595466493095, 'base_mode': 'momentum', 'use_momentum_for_update': False}"
rosenbrock,cSGD_fixed_log,False,1000,0.0008262690829681783,91.9487476348877,"{'learning_rate': 0.0007401746855693698, 'momentum': 0.831404262779261, 'xi': 0.03430297665268903, 'beta': 0.0}"
rosenbrock,cSGD_learn_scalar,True,83,6.117501499836564e-08,56.3051700592041,"{'learning_rate': 0.036776451014190165, 'momentum': 0.9410257420603415, 'xi': 0.25269943226124775, 'beta': 0.8643610189265143, 'metric_lr': 0.003398836687787056, 'metric_reg': 0.00034388729064691406, 'metric_clip': 1.2837288645350937}"
rosenbrock,cSGD_offdiag_m_m,True,599,9.946258537405985e-08,410.0193977355957,"{'learning_rate': 0.0001543070984479431, 'momentum': 0.8656523884016298, 'xi': 0.00041167673059062785, 'gamma': 0.005707411333362436, 'weight_decay': 0.0077727452158997505, 'base_mode': 'momentum', 'use_momentum_for_update': False}"
rosenbrock,cSGD_learn_diag,True,124,1.2493044512658733e-08,61.087846755981445,"{'learning_rate': 0.020928583432419823, 'momentum': 0.9710616940487652, 'xi': 0.010752235868731311, 'beta': 0.8731644901069251, 'metric_lr': 2.3858176859271502e-05, 'metric_reg': 7.646197731552614e-05, 'metric_clip': 4.965620442649183}"
rosenbrock,cSGD_learn_scalar_log,False,1000,8.754168852794396e-05,104.04419898986816,"{'learning_rate': 1.755197073995364, 'momentum': 0.6248272397372903, 'xi': 1.5109330261674463, 'beta': 0.7462921756215442, 'metric_lr': 0.007665128204660197, 'metric_reg': 9.334064019986358e-05, 'metric_clip': 1.780971951192178}"
rosenbrock,cSGD_offdiag_l_l,False,1000,1.994997319473547e-06,818.047285079956,"{'learning_rate': 0.0002784953823282295, 'momentum': 0.895981320874741, 'xi': 0.0009516543216162137, 'gamma': 0.02151686257993293, 'weight_decay': 0.004847177339879286, 'base_mode': 'momentum', 'use_momentum_for_update': False}"
rosenbrock,Muon,True,142,6.807752138877369e-08,104.33101654052734,"{'learning_rate': 0.07516024732593066, 'adam_b1': 0.9500736271079503, 'adam_b2': 0.9950935631547448, 'eps': 3.7473334349124125e-10, 'beta': 0.9710476605845765}"
rosenbrock,cSGD_offdiag_theta_l,True,270,7.905598304474165e-08,221.47083282470703,"{'learning_rate': 0.00011586317966466133, 'momentum': 0.9421788624772279, 'xi': 0.0018484727084363425, 'gamma': 0.002337309252019767, 'weight_decay': 0.0019854120998896298, 'base_mode': 'momentum', 'use_momentum_for_update': False}"
rosenbrock,cSGD_offdiag_0_theta,True,694,8.902701798183037e-08,526.4956951141357,"{'learning_rate': 4.150338395114697e-05, 'momentum': 0.9690288904734514, 'xi': 0.00015332414735849212, 'gamma': 0.00043008649351664106, 'weight_decay': 0.0038636735464670823, 'base_mode': 'momentum', 'use_momentum_for_update': True}"
rosenbrock,cSGD_offdiag_l_m,False,1000,4.461644128565458e-06,678.9579391479492,"{'learning_rate': 0.0036973981297398657, 'momentum': 0.8762319417335592, 'xi': 0.001740146653284549, 'gamma': 0.23345868178170162, 'weight_decay': 0.0050996760748777915, 'base_mode': 'momentum', 'use_momentum_for_update': False}"
rosenbrock,SGD,True,359,9.714076213366845e-08,24.119853973388672,"{'learning_rate': 0.003600220130154547, 'momentum': 0.9027631356069223}"
rosenbrock,cSGD_offdiag_theta_theta,False,1000,2.6299822849096114e-07,872.0428943634033,"{'learning_rate': 0.001282526684872082, 'momentum': 0.8901920804778948, 'xi': 0.00011679835594743155, 'gamma': 0.03824185320017964, 'weight_decay': 0.008945262423571637, 'base_mode': 'momentum', 'use_momentum_for_update': True}"
rosenbrock,cSGD_offdiag_l_theta,False,1000,3.1728460242033942e-06,657.1009159088135,"{'learning_rate': 0.004471446311682287, 'momentum': 0.9499982375636428, 'xi': 0.00048609519885736815, 'gamma': 0.18137618225095958, 'weight_decay': 0.006570328024563657, 'base_mode': 'grad', 'use_momentum_for_update': True}"
rosenbrock,cSGD_offdiag_l_0,False,1000,3.750598055036641e-05,754.4205188751221,"{'learning_rate': 0.0019183684945897578, 'momentum': 0.7779512900594006, 'xi': 0.007324817584012095, 'gamma': 0.18577518458591996, 'weight_decay': 0.005983785227410311, 'base_mode': 'momentum', 'use_momentum_for_update': False}"
rosenbrock,cSGD_offdiag_0_l,True,236,7.731920280612624e-10,192.49844551086426,"{'learning_rate': 0.01327897094837395, 'momentum': 0.9584372378203831, 'xi': 0.45597422466942006, 'gamma': 0.18950629064069635, 'weight_decay': 0.00969540685105872, 'base_mode': 'momentum', 'use_momentum_for_update': False}"
rosenbrock,cSGD_fixed,True,60,2.9233641982331992e-08,38.24353218078613,"{'learning_rate': 0.044769501588769585, 'momentum': 0.9323753727346962, 'xi': 0.34497154744062947, 'beta': 0.0}"
rosenbrock,Adam,True,123,4.918709128169113e-08,76.74288749694824,"{'learning_rate': 0.041844882373493965, 'b1': 0.9352075628271608, 'b2': 0.9201775104443538, 'eps': 2.8787261031696594e-09}"
rosenbrock,cSGD_offdiag_0_m,True,326,3.901089833055459e-08,251.4517307281494,"{'learning_rate': 0.003447823907356409, 'momentum': 0.9691931555482184, 'xi': 0.21956531506086424, 'gamma': 0.03979809502519001, 'weight_decay': 0.0027327772620785065, 'base_mode': 'momentum', 'use_momentum_for_update': False}"
rosenbrock,cSGD_fixed_rms,True,347,8.622291831598733e-08,59.83614921569824,"{'learning_rate': 0.015170647856911267, 'momentum': 0.9135309890958684, 'xi': 0.006032986116238973, 'beta': 0.0, 'beta_rms': 0.9757414410087056, 'eps': 3.2971292813447817e-07}"
rosenbrock,cSGD_learn_diag_log,False,1000,0.000740528080640231,121.30069732666016,"{'learning_rate': 0.02220751542058302, 'momentum': 0.34885119714355783, 'xi': 2.3216150601454997, 'beta': 0.7309307120251006, 'metric_lr': 0.7861848852749056, 'metric_reg': 0.0003440080086000592, 'metric_clip': 1.505058966258011}"
rosenbrock,cSGD_offdiag_m_theta,True,222,2.791977083560902e-08,143.70226860046387,"{'learning_rate': 0.10390511489833709, 'momentum': 0.9707862025667394, 'xi': 1.053885847204128, 'gamma': 1.9956471883007467, 'weight_decay': 0.0035963674317900252, 'base_mode': 'momentum', 'use_momentum_for_update': False}"
rosenbrock,cSGD_offdiag_theta_m,True,86,4.854235622985197e-08,61.684608459472656,"{'learning_rate': 0.00045055001186266935, 'momentum': 0.9656579303592482, 'xi': 0.0007904620035925559, 'gamma': 0.01672079719134275, 'weight_decay': 0.008150575869902265, 'base_mode': 'momentum', 'use_momentum_for_update': True}"
himmelblau,cSGD_offdiag_theta_0,True,38,2.0068113197774982e-07,27.973175048828125,"{'learning_rate': 0.02899141493164454, 'momentum': 0.5361748704905417, 'xi': 0.0012630799426872979, 'gamma': 0.581976394847209, 'weight_decay': 0.0030346098463320116, 'base_mode': 'momentum', 'use_momentum_for_update': False}"
himmelblau,cSGD_offdiag_m_l,True,39,3.1810924067282673e-07,27.270793914794922,"{'learning_rate': 0.009321710011550821, 'momentum': 0.548665634595323, 'xi': 0.00010901375889660513, 'gamma': 0.11908673319425209, 'weight_decay': 0.0019180383826119885, 'base_mode': 'momentum', 'use_momentum_for_update': False}"
himmelblau,cSGD_offdiag_m_0,True,67,9.663831288264714e-07,55.95827102661133,"{'learning_rate': 0.007092464142836161, 'momentum': 0.40419127225436735, 'xi': 0.0009187304487167316, 'gamma': 0.5852350456500841, 'weight_decay': 0.004656341624179864, 'base_mode': 'momentum', 'use_momentum_for_update': False}"
himmelblau,cSGD_fixed_log,True,97,9.049820397748182e-07,42.81187057495117,"{'learning_rate': 0.1486164010058506, 'momentum': 0.032119011586715096, 'xi': 0.4313904781343896, 'beta': 0.0}"
himmelblau,cSGD_learn_scalar,True,18,8.169803212803338e-07,44.21567916870117,"{'learning_rate': 0.4881307321766351, 'momentum': 0.17662092220619277, 'xi': 0.012253975134602484, 'beta': 0.9668989621212289, 'metric_lr': 0.011650128540357917, 'metric_reg': 1.8024398205924386e-05, 'metric_clip': 3.929708008269216}"
himmelblau,cSGD_offdiag_m_m,True,30,8.223849228972391e-07,21.328449249267578,"{'learning_rate': 0.023540497146466548, 'momentum': 0.927470625284675, 'xi': 0.00032313646292787774, 'gamma': 1.8520559563890848, 'weight_decay': 0.0016976538668768216, 'base_mode': 'grad', 'use_momentum_for_update': False}"
himmelblau,cSGD_learn_diag,True,17,2.2114353698661336e-07,47.58191108703613,"{'learning_rate': 0.2420280424995911, 'momentum': 0.20326370588697168, 'xi': 0.010222232122726426, 'beta': 0.9816693338089219, 'metric_lr': 2.2992899257998167e-05, 'metric_reg': 5.7553546751500414e-05, 'metric_clip': 3.520335378766061}"
himmelblau,cSGD_learn_scalar_log,True,48,8.026276950437006e-07,46.3714599609375,"{'learning_rate': 5.051513569136937, 'momentum': 0.5600875011071563, 'xi': 0.11424713315259648, 'beta': 0.5416776288897281, 'metric_lr': 0.005550907722126656, 'metric_reg': 3.3106732202352986e-05, 'metric_clip': 3.4285411235343077}"
himmelblau,cSGD_offdiag_l_l,True,31,1.829536409398543e-07,21.195411682128906,"{'learning_rate': 0.5860496919323422, 'momentum': 0.5898807767968761, 'xi': 0.0003283873817940655, 'gamma': 9.306554950880214, 'weight_decay': 0.00020615632708347764, 'base_mode': 'momentum', 'use_momentum_for_update': True}"
himmelblau,Muon,True,10,3.677367147978028e-07,7.479190826416016,"{'learning_rate': 8.77009759815427, 'adam_b1': 0.0026321451360105962, 'adam_b2': 0.9191083424552967, 'eps': 7.510168951347189e-09, 'beta': 0.5983130374842583}"
himmelblau,cSGD_offdiag_theta_l,True,30,8.342097669417506e-07,24.69348907470703,"{'learning_rate': 0.029198557876704223, 'momentum': 0.20604130611784607, 'xi': 0.0002722801182204691, 'gamma': 2.682312112380045, 'weight_decay': 0.0010982305668359438, 'base_mode': 'momentum', 'use_momentum_for_update': True}"
himmelblau,cSGD_offdiag_0_theta,True,27,2.665446967048672e-07,18.824100494384766,"{'learning_rate': 0.003959417679408942, 'momentum': 0.13795864631640053, 'xi': 0.00027413228461452304, 'gamma': 0.23762896847503906, 'weight_decay': 0.0025022477324958626, 'base_mode': 'momentum', 'use_momentum_for_update': False}"
himmelblau,cSGD_offdiag_l_m,True,75,8.231263240998615e-08,50.30202865600586,"{'learning_rate': 0.046529613926384696, 'momentum': 0.6187834818797422, 'xi': 0.0007114545593584713, 'gamma': 1.7162254973128508, 'weight_decay': 0.00011717369515749531, 'base_mode': 'grad', 'use_momentum_for_update': True}"
himmelblau,SGD,True,11,3.9839382738529493e-07,1.2362003326416016,"{'learning_rate': 0.020863142419831178, 'momentum': 0.13402822287636146}"
himmelblau,cSGD_offdiag_theta_theta,True,19,7.767645007212125e-07,14.940261840820312,"{'learning_rate': 0.010992214365148315, 'momentum': 0.24601587975462755, 'xi': 0.00019360630481126336, 'gamma': 0.3728472648244358, 'weight_decay': 0.009526914944863761, 'base_mode': 'grad', 'use_momentum_for_update': True}"
himmelblau,cSGD_offdiag_l_theta,True,13,8.725038074986943e-07,8.928298950195312,"{'learning_rate': 0.12371225629776944, 'momentum': 0.24525985704449196, 'xi': 0.00015011371121690994, 'gamma': 5.830214867899908, 'weight_decay': 0.002465873169001366, 'base_mode': 'momentum', 'use_momentum_for_update': False}"
himmelblau,cSGD_offdiag_l_0,True,32,9.470227367521917e-07,23.09393882751465,"{'learning_rate': 0.006263692031804783, 'momentum': 0.04777797691175675, 'xi': 0.0001643911497702061, 'gamma': 0.48445649459152806, 'weight_decay': 0.002794555648216941, 'base_mode': 'grad', 'use_momentum_for_update': False}"
himmelblau,cSGD_offdiag_0_l,True,22,7.737731297166285e-07,17.912864685058594,"{'learning_rate': 0.031293812498636574, 'momentum': 0.30367104135675693, 'xi': 0.0005062120712291744, 'gamma': 1.0318809488119427, 'weight_decay': 0.003513621281388788, 'base_mode': 'grad', 'use_momentum_for_update': True}"
himmelblau,cSGD_fixed,True,21,3.8760684873764655e-07,39.46661949157715,"{'learning_rate': 0.03533367512146812, 'momentum': 0.23846889347989741, 'xi': 0.001009114010500885, 'beta': 0.0}"
himmelblau,Adam,True,12,1.6094463325814608e-07,39.38865661621094,"{'learning_rate': 7.786646510563242, 'b1': 0.13007781484441888, 'b2': 0.944856616651566, 'eps': 3.5880160745916976e-10}"
himmelblau,cSGD_offdiag_0_m,True,31,8.705210778067073e-07,24.0325927734375,"{'learning_rate': 0.004318238371405932, 'momentum': 0.44472852463999774, 'xi': 0.00010047939168485248, 'gamma': 0.11520937771663119, 'weight_decay': 0.007223546092522467, 'base_mode': 'momentum', 'use_momentum_for_update': True}"
himmelblau,cSGD_fixed_rms,True,14,1.8443961147491895e-07,47.81746864318848,"{'learning_rate': 0.4377341892248992, 'momentum': 0.09542975338769408, 'xi': 0.002912603318649452, 'beta': 0.0, 'beta_rms': 0.8942374544186891, 'eps': 6.95529652582358e-10}"
himmelblau,cSGD_learn_diag_log,True,632,9.902487762071783e-07,85.63733100891113,"{'learning_rate': 0.011082796318158627, 'momentum': 0.8574405299240563, 'xi': 0.014379973525359295, 'beta': 0.7291637941175897, 'metric_lr': 0.012501146562210765, 'metric_reg': 4.413284282221958e-05, 'metric_clip': 2.709945816361072}"
himmelblau,cSGD_offdiag_m_theta,True,55,4.671974035565299e-07,37.61935234069824,"{'learning_rate': 0.0174543585014485, 'momentum': 0.2037128167348277, 'xi': 0.001937358424604654, 'gamma': 1.213417111261104, 'weight_decay': 0.002090842029449008, 'base_mode': 'momentum', 'use_momentum_for_update': True}"
himmelblau,cSGD_offdiag_theta_m,True,34,3.308422039327543e-07,24.667024612426758,"{'learning_rate': 0.2110566329927123, 'momentum': 0.5861887769042334, 'xi': 0.00014631009468640374, 'gamma': 2.6187197301337477, 'weight_decay': 0.0015446349902429558, 'base_mode': 'momentum', 'use_momentum_for_update': False}"
ackley,cSGD_offdiag_theta_0,True,532,1.859239517898459e-08,373.84629249572754,"{'learning_rate': 0.05417246040464687, 'momentum': 0.7108481115040032, 'xi': 0.40746954393513923, 'gamma': 0.00037167609755633447, 'weight_decay': 0.002379033316078939, 'base_mode': 'grad', 'use_momentum_for_update': False}"
ackley,cSGD_offdiag_m_l,False,1000,9.439951883649655e-05,633.2130432128906,"{'learning_rate': 0.0009368224516709616, 'momentum': 0.6532884795843106, 'xi': 0.03413622683845044, 'gamma': 0.00010404819441550738, 'weight_decay': 0.0017687201568331646, 'base_mode': 'grad', 'use_momentum_for_update': True}"
ackley,cSGD_offdiag_m_0,False,1000,0.0009782752441580556,677.2024631500244,"{'learning_rate': 0.5237701582894718, 'momentum': 0.24745184473408302, 'xi': 4.44114946043018, 'gamma': 0.00024033195038321195, 'weight_decay': 0.002092030547807432, 'base_mode': 'momentum', 'use_momentum_for_update': True}"
ackley,cSGD_fixed_log,False,1000,6.559645375627877,92.53811836242676,"{'learning_rate': 0.010218612646477807, 'momentum': 0.8113007285321918, 'xi': 0.0202747525430573, 'beta': 0.0}"
ackley,cSGD_learn_scalar,False,1000,0.020370220592102584,97.52368927001953,"{'learning_rate': 0.22626805600713804, 'momentum': 0.950683847542657, 'xi': 3.5622710980611125, 'beta': 0.5366060269304355, 'metric_lr': 0.3285984040349952, 'metric_reg': 5.51141290137553e-06, 'metric_clip': 3.683331892135532}"
ackley,cSGD_offdiag_m_m,False,1000,0.0008187886475212736,642.9455280303955,"{'learning_rate': 0.0013579556191908831, 'momentum': 0.30662384221593425, 'xi': 0.014979629577065638, 'gamma': 0.00045118180789709627, 'weight_decay': 0.0018318771291954195, 'base_mode': 'grad', 'use_momentum_for_update': True}"
ackley,cSGD_learn_diag,False,1000,0.007814506148026368,414.0737056732178,"{'learning_rate': 0.4586388322248347, 'momentum': 0.8150040748189625, 'xi': 0.15938771000815283, 'beta': 0.5867890918925613, 'metric_lr': 5.510154308593669e-05, 'metric_reg': 0.0001976685977878406, 'metric_clip': 2.4660574147427057}"
ackley,cSGD_learn_scalar_log,True,15,2.458757037970827e-07,46.81038856506348,"{'learning_rate': 3.356357301094075, 'momentum': 0.6592876944196596, 'xi': 1.95267458578768, 'beta': 0.5065077896947042, 'metric_lr': 0.0051295172235406306, 'metric_reg': 6.890518610284305e-05, 'metric_clip': 2.995871776883172}"
ackley,cSGD_offdiag_l_l,False,1000,0.000462833839229404,661.1483097076416,"{'learning_rate': 0.08951747540257746, 'momentum': 0.2690698309137099, 'xi': 0.05339850824021691, 'gamma': 0.0001620659685936504, 'weight_decay': 0.005961714317287904, 'base_mode': 'grad', 'use_momentum_for_update': True}"
ackley,Muon,False,1000,0.03238551656117039,818.6166286468506,"{'learning_rate': 0.3409865029630271, 'adam_b1': 0.971027553638026, 'adam_b2': 0.9638105511362736, 'eps': 7.577580859048595e-07, 'beta': 0.737122673704037}"
ackley,cSGD_offdiag_theta_l,True,529,6.650810071562319e-07,330.68013191223145,"{'learning_rate': 0.07644215394653028, 'momentum': 0.16032522401685076, 'xi': 1.7501175440786403, 'gamma': 0.04802333885457161, 'weight_decay': 0.007844464942605649, 'base_mode': 'grad', 'use_momentum_for_update': False}"
ackley,cSGD_offdiag_0_theta,True,746,5.979131145750216e-08,581.049919128418,"{'learning_rate': 0.020090951854905316, 'momentum': 0.13843042567972208, 'xi': 0.9986422515669728, 'gamma': 0.0005756067798784251, 'weight_decay': 0.005322576720767052, 'base_mode': 'grad', 'use_momentum_for_update': True}"
ackley,cSGD_offdiag_l_m,True,463,9.60855643938885e-07,329.85973358154297,"{'learning_rate': 8.063905290963907, 'momentum': 0.17989437170125744, 'xi': 3.725946733331348, 'gamma': 0.060485080357744844, 'weight_decay': 0.002983436277472803, 'base_mode': 'momentum', 'use_momentum_for_update': True}"
ackley,SGD,False,1000,0.08595335135825621,68.20344924926758,"{'learning_rate': 0.24431031579529824, 'momentum': 0.1285051111317651}"
ackley,cSGD_offdiag_theta_theta,False,1000,0.00011304374982046284,627.1336078643799,"{'learning_rate': 0.0596427602586084, 'momentum': 0.46569939751467926, 'xi': 4.817490367955515, 'gamma': 0.5165111781310486, 'weight_decay': 0.004106956938734747, 'base_mode': 'grad', 'use_momentum_for_update': False}"
ackley,cSGD_offdiag_l_theta,True,364,3.858246024890377e-07,231.89425468444824,"{'learning_rate': 0.11726477468160564, 'momentum': 0.5185819287369449, 'xi': 1.5385082236028143, 'gamma': 0.00047889466424882614, 'weight_decay': 0.006441883695041867, 'base_mode': 'grad', 'use_momentum_for_update': True}"
ackley,cSGD_offdiag_l_0,True,867,6.439395399127079e-07,617.6693439483643,"{'learning_rate': 0.23851362601879766, 'momentum': 0.2573796261266045, 'xi': 5.353183028656657, 'gamma': 0.00017533758494573849, 'weight_decay': 0.003802746426131615, 'base_mode': 'grad', 'use_momentum_for_update': True}"
ackley,cSGD_offdiag_0_l,True,982,6.03988006275813e-07,910.1498126983643,"{'learning_rate': 0.40499226849446324, 'momentum': 0.7215334404745256, 'xi': 0.18567906897057299, 'gamma': 0.012808369479004595, 'weight_decay': 0.006471711868392144, 'base_mode': 'grad', 'use_momentum_for_update': False}"
ackley,cSGD_fixed,False,1000,0.0021238447284588347,95.57032585144043,"{'learning_rate': 0.14613040430159646, 'momentum': 0.8552334758365142, 'xi': 4.765356672443088, 'beta': 0.0}"
ackley,Adam,False,1000,0.02312793460904672,332.8981399536133,"{'learning_rate': 0.33984965874062223, 'b1': 0.981604049375903, 'b2': 0.9063916668424772, 'eps': 2.160152461514995e-10}"
ackley,cSGD_offdiag_0_m,False,1000,0.0014438451461238344,756.3235759735107,"{'learning_rate': 0.20063985466956757, 'momentum': 0.007000306174623959, 'xi': 0.03043225257959233, 'gamma': 0.4867067373322541, 'weight_decay': 0.007828270199584491, 'base_mode': 'momentum', 'use_momentum_for_update': True}"
ackley,cSGD_fixed_rms,False,1000,0.00034933443250650953,101.61113739013672,"{'learning_rate': 1.2539681827299676, 'momentum': 0.518678428970984, 'xi': 0.9665552703013383, 'beta': 0.0, 'beta_rms': 0.8934152246860254, 'eps': 4.830076753309594e-09}"
ackley,cSGD_learn_diag_log,True,27,9.012854462753239e-07,50.98128318786621,"{'learning_rate': 5.278854897618922, 'momentum': 0.3644168425390848, 'xi': 1.4178585276971019, 'beta': 0.5281208821865676, 'metric_lr': 1.0857594881613104e-05, 'metric_reg': 4.2955933851384755e-06, 'metric_clip': 1.6713557484938186}"
ackley,cSGD_offdiag_m_theta,True,168,9.293651963560023e-07,110.64815521240234,"{'learning_rate': 1.8035831084369656, 'momentum': 0.015701388562320492, 'xi': 9.177829089474232, 'gamma': 5.188694674477384, 'weight_decay': 0.00206126915380118, 'base_mode': 'momentum', 'use_momentum_for_update': True}"
ackley,cSGD_offdiag_theta_m,True,499,9.517407626447039e-07,351.149320602417,"{'learning_rate': 0.05051723284085312, 'momentum': 0.7779454617297016, 'xi': 3.0752880410600616, 'gamma': 0.0041613714964023685, 'weight_decay': 0.007517878185347501, 'base_mode': 'grad', 'use_momentum_for_update': True}"
rastrigin,cSGD_offdiag_theta_0,True,199,1.0111243398114311e-08,142.9269313812256,"{'learning_rate': 0.00019180025299774255, 'momentum': 0.9013603320097122, 'xi': 0.007418953297455675, 'gamma': 0.004552788561065859, 'weight_decay': 0.006198540422854863, 'base_mode': 'momentum', 'use_momentum_for_update': True}"
rastrigin,cSGD_offdiag_m_l,True,126,8.522831080881588e-07,80.65605163574219,"{'learning_rate': 0.11889343680709646, 'momentum': 0.043165347824046435, 'xi': 0.025941484408932517, 'gamma': 0.027538301145994166, 'weight_decay': 0.005780383792935126, 'base_mode': 'momentum', 'use_momentum_for_update': True}"
rastrigin,cSGD_offdiag_m_0,True,21,2.253070476854191e-07,14.960289001464844,"{'learning_rate': 1.696967976375515, 'momentum': 0.6842230194491832, 'xi': 0.09117976159980364, 'gamma': 0.001433864441794569, 'weight_decay': 0.00449222746314032, 'base_mode': 'momentum', 'use_momentum_for_update': True}"
rastrigin,cSGD_fixed_log,False,1000,7.959662381108174,85.64591407775879,"{'learning_rate': 0.009691181269788143, 'momentum': 0.8525023848608113, 'xi': 0.002057561718010412, 'beta': 0.0}"
rastrigin,cSGD_learn_scalar,True,63,1.7681323072338273e-09,45.46022415161133,"{'learning_rate': 2.020560151023486, 'momentum': 0.9844257737639387, 'xi': 0.08868104314489407, 'beta': 0.8509133450071628, 'metric_lr': 0.818120271389902, 'metric_reg': 3.963331274788201e-06, 'metric_clip': 1.2255475773880105}"
rastrigin,cSGD_offdiag_m_m,True,643,2.938381982175997e-07,398.96559715270996,"{'learning_rate': 0.04837705158103855, 'momentum': 0.23119409000727498, 'xi': 0.006830469323771813, 'gamma': 0.013685752890581278, 'weight_decay': 0.007983619026554516, 'base_mode': 'momentum', 'use_momentum_for_update': True}"
rastrigin,cSGD_learn_diag,True,85,2.840120494340681e-07,50.94480514526367,"{'learning_rate': 1.9104032261790311, 'momentum': 0.8816306273223224, 'xi': 0.0935766120045581, 'beta': 0.8244179504863702, 'metric_lr': 2.2384664233418083e-05, 'metric_reg': 0.0019527295732562797, 'metric_clip': 1.561660289042217}"
rastrigin,cSGD_learn_scalar_log,True,41,7.848454224301804e-07,45.03035545349121,"{'learning_rate': 0.955504744844799, 'momentum': 0.7271225633245593, 'xi': 0.028919371971757604, 'beta': 0.5910362657642443, 'metric_lr': 0.0010524965940624771, 'metric_reg': 0.00029287699919349267, 'metric_clip': 3.535099605996481}"
rastrigin,cSGD_offdiag_l_l,True,193,9.124934692295028e-07,131.51097297668457,"{'learning_rate': 0.04567287675855033, 'momentum': 0.5089369160498463, 'xi': 0.04121690365208577, 'gamma': 0.6856119643693865, 'weight_decay': 0.0020055589562487874, 'base_mode': 'momentum', 'use_momentum_for_update': True}"
rastrigin,Muon,True,718,7.77378943439544e-08,476.08375549316406,"{'learning_rate': 2.4999827876536296, 'adam_b1': 0.6832578274849955, 'adam_b2': 0.8225268192474687, 'eps': 4.097796957228272e-09, 'beta': 0.9115472917765017}"
rastrigin,cSGD_offdiag_theta_l,True,452,4.441200829319314e-07,291.2638187408447,"{'learning_rate': 0.1452617540855789, 'momentum': 0.280413420826644, 'xi': 0.18464010627303384, 'gamma': 0.0017316770249536382, 'weight_decay': 0.00937921417083486, 'base_mode': 'momentum', 'use_momentum_for_update': True}"
rastrigin,cSGD_offdiag_0_theta,True,288,7.39730836585295e-08,210.48521995544434,"{'learning_rate': 0.0907331060710499, 'momentum': 0.017048123735135843, 'xi': 0.31157729734094625, 'gamma': 0.0011600100823972778, 'weight_decay': 0.005214083386344808, 'base_mode': 'grad', 'use_momentum_for_update': True}"
rastrigin,cSGD_offdiag_l_m,True,150,4.052814972510532e-09,99.19929504394531,"{'learning_rate': 0.07898636233649693, 'momentum': 0.15206607517946685, 'xi': 0.004065746785445506, 'gamma': 0.12130024165050622, 'weight_decay': 0.003121665221024671, 'base_mode': 'grad', 'use_momentum_for_update': False}"
rastrigin,SGD,True,117,9.055220289155841e-07,7.555961608886719,"{'learning_rate': 0.03002066702970592, 'momentum': 0.20314480580569746}"
rastrigin,cSGD_offdiag_theta_theta,True,458,7.533994050845649e-08,292.1280860900879,"{'learning_rate': 0.18010025574108174, 'momentum': 0.1208491745095309, 'xi': 0.21363948776182143, 'gamma': 0.9579691009418311, 'weight_decay': 0.006367975001549968, 'base_mode': 'grad', 'use_momentum_for_update': True}"
rastrigin,cSGD_offdiag_l_theta,True,72,4.227371341869457e-07,46.29015922546387,"{'learning_rate': 0.17986621719669524, 'momentum': 0.9859119981450759, 'xi': 0.04976755608540657, 'gamma': 0.022604182756645497, 'weight_decay': 0.0007360880107974722, 'base_mode': 'momentum', 'use_momentum_for_update': True}"
rastrigin,cSGD_offdiag_l_0,False,1000,0.0711369994049349,757.1649551391602,"{'learning_rate': 0.002607035971312963, 'momentum': 0.3653860301995376, 'xi': 0.14190997709148703, 'gamma': 0.0003212472234307818, 'weight_decay': 0.006246576935893067, 'base_mode': 'momentum', 'use_momentum_for_update': True}"
rastrigin,cSGD_offdiag_0_l,True,219,3.1409042833274725e-07,150.76708793640137,"{'learning_rate': 0.0029899816428323985, 'momentum': 0.9667681259215221, 'xi': 0.00020931136392336258, 'gamma': 0.00022401776692826687, 'weight_decay': 0.005951165649466782, 'base_mode': 'momentum', 'use_momentum_for_update': True}"
rastrigin,cSGD_fixed,True,15,2.2352502071498748e-07,34.863948822021484,"{'learning_rate': 0.5596555066917522, 'momentum': 0.08655664960754518, 'xi': 0.05599794038251783, 'beta': 0.0}"
rastrigin,Adam,True,35,6.678937296555887e-07,47.313690185546875,"{'learning_rate': 0.8499925844685774, 'b1': 0.8771725545297778, 'b2': 0.9333127566196588, 'eps': 5.1041238359293835e-09}"
rastrigin,cSGD_offdiag_0_m,True,963,6.376305705657614e-08,639.6481990814209,"{'learning_rate': 1.0032292404364496, 'momentum': 0.6400765110356681, 'xi': 0.025699976666168762, 'gamma': 0.02393565054096321, 'weight_decay': 0.007591674783739307, 'base_mode': 'momentum', 'use_momentum_for_update': False}"
rastrigin,cSGD_fixed_rms,True,101,5.586945981406188e-07,48.37536811828613,"{'learning_rate': 0.962994005689892, 'momentum': 0.7842735691171887, 'xi': 0.004959523047254946, 'beta': 0.0, 'beta_rms': 0.9965395855909271, 'eps': 5.412488783735716e-07}"
rastrigin,cSGD_learn_diag_log,False,1000,7.959662381108174,100.81028938293457,"{'learning_rate': 0.0003692024165667023, 'momentum': 0.23469968726243626, 'xi': 0.06153070237872739, 'beta': 0.53546443266512, 'metric_lr': 0.5897367714080686, 'metric_reg': 7.816666881677302e-06, 'metric_clip': 4.68923110193434}"
rastrigin,cSGD_offdiag_m_theta,True,449,1.4358079170051496e-08,281.04567527770996,"{'learning_rate': 0.00028888695498951826, 'momentum': 0.57507042425528, 'xi': 0.0004323098340543158, 'gamma': 0.0027504598905191678, 'weight_decay': 0.0066137273021102975, 'base_mode': 'grad', 'use_momentum_for_update': True}"
rastrigin,cSGD_offdiag_theta_m,True,155,5.513107836918607e-08,102.72097587585449,"{'learning_rate': 0.37454187744754713, 'momentum': 0.6315080828059717, 'xi': 0.00019361025474495843, 'gamma': 1.5065422467904066, 'weight_decay': 0.003750988273198905, 'base_mode': 'momentum', 'use_momentum_for_update': False}"
